date,open,high,low,close,volume
2025-09-02,75.6400,76.0500,74.0000,74.2900,15078709
2025-09-03,74.4000,75.1800,73.9100,74.7400,7441170
2025-09-04,74.7500,75.7700,74.5100,75.3500,11096158
2025-09-05,74.8000,75.4100,73.6300,73.9100,13758377
2025-09-08,74.2600,74.5800,73.7100,74.1500,13793260
2025-09-09,73.9900,74.5500,73.0500,73.6000,8740157
2025-09-10,75.2450,75.4600,73.3300,74.2500,11359274
2025-09-11,74.4100,75.5300,74.0100,74.3300,9803422
2025-09-12,74.2400,74.2800,71.9300,73.0000,11806044
2025-09-15,73.1800,73.2090,72.5750,73.0300,10323751
2025-09-16,72.8000,73.3750,72.0900,72.7500,8813556
2025-09-17,73.0650,73.3200,71.6100,72.3100,11108702
2025-09-18,73.4350,73.6000,71.6300,72.1000,14918371
2025-09-19,72.0100,72.2500,70.7400,70.8900,33415575
2025-09-22,70.7850,72.4899,70.4250,71.2800,12336264
2025-09-23,71.5700,72.4200,70.7300,70.9300,10432417
2025-09-24,70.6700,71.5300,70.4500,71.2200,10024485
2025-09-25,71.1600,71.1600,69.0515,69.2400,13075284
2025-09-26,69.3800,69.4400,68.0300,69.3100,15627552
2025-09-29,69.7700,69.9600,68.7400,69.5500,18479281
2025-09-30,70.0700,70.2066,68.8200,69.7300,40567682
2025-10-01,74.3450,74.6900,71.6100,74.2000,57921886
2025-10-02,75.0000,76.9700,73.8800,74.5700,26254376
2025-10-03,74.7800,74.7800,71.9200,71.9300,18794866
2025-10-06,72.0200,72.3900,71.0100,71.1700,14039587
2025-10-07,71.2300,71.5800,68.9000,68.9100,17367985
2025-10-08,68.9100,69.4260,68.6650,69.0900,13051753
2025-10-09,69.5500,69.6550,67.8900,68.0600,13410879
2025-10-10,68.1800,68.4900,64.8800,65.2200,18806071
2025-10-13,65.7000,67.5200,65.5475,67.3800,13191246
2025-10-14,66.4700,68.0000,66.0600,67.6400,9483677
2025-10-15,68.5800,69.5300,68.1300,68.4600,13001479
2025-10-16,68.6000,69.0400,66.5800,66.8400,15349738
2025-10-17,66.6300,67.7700,66.3200,67.3700,10054043
2025-10-20,67.5600,68.1750,67.4700,67.6200,9669999
2025-10-21,67.7500,69.2900,67.4100,68.3600,9659203
2025-10-22,68.2200,69.3600,67.9600,69.0800,8096127
2025-10-23,69.0900,69.8850,68.7400,69.6800,9124913
2025-10-24,69.7100,70.0800,68.9100,69.1100,7102911
2025-10-27,70.0350,70.4400,68.2600,68.5900,9838115
2025-10-28,68.1100,68.6100,67.0500,67.4300,11262395
2025-10-29,67.0100,67.1900,64.9500,65.3500,15143126
2025-10-30,65.1800,66.0000,64.5740,64.9000,13895231
2025-10-31,65.0000,65.2500,64.2500,64.5900,17822510
2025-11-03,64.7200,64.8500,62.3400,62.6500,22633317
2025-11-04,62.4200,62.5900,61.1200,61.2300,13725428
2025-11-05,61.2800,62.8500,60.8550,62.1100,20874903
2025-11-06,61.8800,62.4800,61.6650,61.8900,15164633
2025-11-07,61.7400,62.1800,60.2900,61.0900,15504763
2025-11-10,61.7500,62.0900,60.4900,60.8000,13063059
2025-11-11,61.7300,63.6000,61.2400,63.1500,17646388
2025-11-12,64.1000,65.1900,63.7400,64.2000,14812195
2025-11-13,65.7100,66.2550,64.8800,66.0300,21923604
2025-11-14,64.9350,65.0600,63.7500,64.1700,17760099
2025-11-17,63.0700,63.5400,62.2600,62.9000,17064691
2025-11-18,62.4000,62.7600,61.6800,62.4900,14614639
2025-11-19,62.4250,63.2150,62.0100,62.6400,11732125
2025-11-20,62.9500,63.8300,61.4100,61.4300,13886596
2025-11-21,62.0100,63.4950,61.5400,62.8000,12476917
2025-11-24,62.5100,63.0700,61.9300,61.9300,16681656
2025-11-25,62.3400,64.1200,61.8700,63.6800,11527157
2025-11-26,63.5000,64.8650,62.9700,64.3300,13790955
2025-11-28,64.4700,64.7800,63.9700,64.6300,4941353
2025-12-01,63.7700,65.9900,63.5800,65.3900,12047278
2025-12-02,65.4500,65.4700,64.5800,64.9300,9051181
2025-12-03,65.0800,66.6550,64.9800,65.6500,12028291
2025-12-04,65.6000,66.1000,65.0100,65.6900,10619498
2025-12-05,65.7000,66.0800,64.8800,65.8600,10917935
2025-12-08,65.6000,65.8000,63.2650,63.5400,12670035
2025-12-09,63.5100,63.9500,62.9720,63.3300,9167476
2025-12-10,63.9800,66.1500,63.7640,65.7900,20302074
2025-12-11,65.8300,67.8150,65.5600,67.7400,16153544
2025-12-12,68.1700,69.1364,67.1200,67.4700,14829228
2025-12-15,67.4050,68.3500,66.6900,67.7800,15287494
2025-12-16,67.2900,68.2000,66.7400,67.1200,16376671
2025-12-17,66.5600,66.8300,65.6205,65.6900,13205492
2025-12-18,66.0100,67.0000,65.4000,65.6300,35650016
2025-12-19,59.2000,60.3800,58.2200,58.7100,108652694
2025-12-22,58.9900,59.0800,57.1400,57.2200,38695933
2025-12-23,57.1800,57.5954,56.9900,57.3400,23276740
2025-12-24,58.8801,60.5800,58.8801,60.0000,36073251
2025-12-26,60.0000,60.9300,59.8600,60.9300,22303556
2025-12-29,60.5400,61.7500,60.5100,61.2100,18062104
2025-12-30,61.3000,61.3000,60.6400,61.1900,13507849
2025-12-31,62.2500,64.2000,61.9187,63.7100,35457432
2026-01-02,64.0000,64.1300,62.5500,63.2800,22284069
2026-01-05,63.7350,65.3700,63.3900,64.5300,23482539
2026-01-06,64.0600,65.4250,63.4100,65.3500,19973192
2026-01-07,65.5200,65.6124,63.1900,63.2200,18284106
2026-01-08,62.1750,65.7350,61.7000,65.2600,21573898
2026-01-09,65.1100,66.5400,64.4000,65.9200,18470385
2026-01-12,65.2500,66.3400,64.2400,65.6400,13901080
2026-01-13,66.2500,67.0800,65.8500,66.3000,13685222
2026-01-14,66.2900,67.1300,65.0400,65.5700,15939097
2026-01-15,65.7600,65.7600,64.2100,64.5900,13295272
2026-01-16,64.3900,64.5900,63.6801,64.3800,15902994
2026-01-20,63.4900,64.5800,63.0150,63.6300,20229415
2026-01-21,63.8800,65.4200,63.6100,65.4100,17166435
2026-01-22,65.4100,66.5500,65.2500,65.4600,11853715
2026-01-23,65.2500,65.4500,64.4401,65.0400,11243941
